<?xml version="1.0" encoding="UTF-8"?>
<!DOCTYPE suite SYSTEM "http://testng.org/testng-1.0.dtd">
<suite name="Suite">
<parameter name="url" value="www.msc.com"/> 
 <parameter name="rl" value="www.maersk.com"/> 
   <parameter name="nsk" value="www.hapag.com"/> 
   <test thread-count="5" name="Test2">
   <parameter name="rl" value="www.maersk.com"/> 
   <parameter name="nsk" value="www.hapag.com"/> 
  <classes>
  <class name="Testngbasics.class3">
  </class>
 </classes>
  </test> 
</suite> 
