<?xml version="1.0" encoding="UTF-8"?>
<!DOCTYPE suite SYSTEM "http://testng.org/testng-1.0.dtd">
<suite name="Suite" parallel="tests" thread-count="2">
<listeners> 
<listener class-name= "Testngbasics.listeners"/>
</listeners>
<parameter name="url" value="www.msc.com"/> 

<test  name="Test" parallel="classes"  thread-count="2">
<parameter name="nsk" value="www.hapag.com"/> 
  <classes>
  <class name="Testngbasics.basic"></class>
   <class name="Testngbasics.basic2"></class>
 </classes>
  </test> 
  
   <test name="Test2" >
   <parameter name="rl" value="www.maersk.com"/> 
   <parameter name="nsk" value="www.hapag.com"/> 
  <classes>
  <class name="Testngbasics.class3">
   <methods>
 <exclude name="Mobile.*"></exclude>
  <include name="web.*"></include>
  </methods>
  </class>
 </classes>
  </test> 
  
   
</suite> 
